id,name,party,house,source,website,photo,email,facebook,twitter
EZ5,The Hon Tony Abbott MP,Liberal Party of Australia,representatives,http://www.aph.gov.au/Senators_and_Members/Parliamentarian?MPID=EZ5,http://www.tonyabbott.com.au,http://parlinfo.aph.gov.au/parlInfo/download/handbook/allmps/EZ5/upload_ref_binary/EZ5.JPG,,http://www.facebook.com/TonyAbbottMP,http://twitter.com/TonyAbbottMHR
R36,The Hon Anthony Albanese MP,Australian Labor Party,representatives,http://www.aph.gov.au/Senators_and_Members/Parliamentarian?MPID=R36,http://www.anthonyalbanese.com.au,http://parlinfo.aph.gov.au/parlInfo/download/handbook/allmps/R36/upload_ref_binary/R36.jpg,A.Albanese.MP@aph.gov.au,https://www.facebook.com/AlboMP,http://twitter.com/AlboMP
HK5,The Hon Kevin Andrews MP,Liberal Party of Australia,representatives,http://www.aph.gov.au/Senators_and_Members/Parliamentarian?MPID=HK5,http://www.kevinandrews.com.au,http://parlinfo.aph.gov.au/parlInfo/download/handbook/allmps/HK5/upload_ref_binary/HK5.jpg,menzies@aph.gov.au,http://www.facebook.com/kevinandrewsmp,http://twitter.com/kevinandrewsmp
LL6,The Hon Bob Baldwin MP,Liberal Party of Australia,representatives,http://www.aph.gov.au/Senators_and_Members/Parliamentarian?MPID=LL6,http://www.bobbaldwin.com.au/,http://parlinfo.aph.gov.au/parlInfo/download/handbook/allmps/LL6/upload_ref_binary/LL6.JPG,Bob.Baldwin.MP@aph.gov.au,http://en-gb.facebook.com/bobbaldwinmp,http://twitter.com/bobbaldwinmp
1K6,The Hon Bruce Billson MP,Liberal Party of Australia,representatives,http://www.aph.gov.au/Senators_and_Members/Parliamentarian?MPID=1K6,http://www.billson4dunkley.com/,http://parlinfo.aph.gov.au/parlInfo/download/handbook/allmps/1K6/upload_ref_binary/1K6.JPG,B.Billson.MP@aph.gov.au,http://www.facebook.com/profile.php?id=100001833476620,http://twitter.com/BruceBillsonMP
DZP,The Hon Sharon Bird MP,Australian Labor Party,representatives,http://www.aph.gov.au/Senators_and_Members/Parliamentarian?MPID=DZP,http://www.sharonbird.com.au/,http://parlinfo.aph.gov.au/parlInfo/download/handbook/allmps/DZP/upload_ref_binary/DZP.jpg,Sharon.Bird.MP@aph.gov.au,http://www.facebook.com/sharon.bird.mp,http://twitter.com/SharonBirdMP
83P,The Hon Julie Bishop MP,Liberal Party of Australia,representatives,http://www.aph.gov.au/Senators_and_Members/Parliamentarian?MPID=83P,http://www.juliebishop.com.au/,http://parlinfo.aph.gov.au/parlInfo/download/handbook/allmps/83P/upload_ref_binary/83P.JPG,Julie.Bishop.MP@aph.gov.au,http://www.facebook.com/julie.bishop.mp,http://twitter.com/JulieBishopMP
MT4,Mr Russell Broadbent MP,Liberal Party of Australia,representatives,http://www.aph.gov.au/Senators_and_Members/Parliamentarian?MPID=MT4,http://www.russellbroadbent.com.au,http://parlinfo.aph.gov.au/parlInfo/download/handbook/allmps/MT4/upload_ref_binary/MT4.jpg,Russell.Broadbent.MP@aph.gov.au,https://www.facebook.com/russell.broadbent.94?ref=stream&hc_location=timeline,https://twitter.com/BroadbentMP
DYW,The Hon Tony Burke MP,Australian Labor Party,representatives,http://www.aph.gov.au/Senators_and_Members/Parliamentarian?MPID=DYW,http://www.tonyburke.com.au/,http://parlinfo.aph.gov.au/parlInfo/download/handbook/allmps/DYW/upload_ref_binary/DYW.jpg,Tony.Burke.MP@aph.gov.au,http://www.facebook.com/tony.burke.mp,http://twitter.com/tony_burke
HWK,The Hon Mark Butler MP,Australian Labor Party,representatives,http://www.aph.gov.au/Senators_and_Members/Parliamentarian?MPID=HWK,http://markbutler.alp.org.au/,http://parlinfo.aph.gov.au/parlInfo/download/handbook/allmps/HWK/upload_ref_binary/HWK.jpg,,https://www.facebook.com/MarkButlerMP,http://twitter.com/Mark_Butler_MP
008K0,The Hon Anthony Byrne MP,Australian Labor Party,representatives,http://www.aph.gov.au/Senators_and_Members/Parliamentarian?MPID=008K0,http://www.anthonybyrnemp.com/,http://parlinfo.aph.gov.au/parlInfo/download/handbook/allmps/008K0/upload_ref_binary/008K0.jpg,Anthony.Byrne.MP@aph.gov.au,http://www.facebook.com/anthonybyrne,http://twitter.com/AnthonyByrne_MP
HW9,Mr Nick Champion MP,Australian Labor Party,representatives,http://www.aph.gov.au/Senators_and_Members/Parliamentarian?MPID=HW9,,http://parlinfo.aph.gov.au/parlInfo/download/handbook/allmps/HW9/upload_ref_binary/HW9.jpg,Nick.Champion.MP@aph.gov.au,http://www.facebook.com/pages/Nick-Champion-MP/325495831575,http://twitter.com/NickChampionMP
00AN0,The Hon Steven Ciobo MP,Liberal Party of Australia,representatives,http://www.aph.gov.au/Senators_and_Members/Parliamentarian?MPID=00AN0,http://www.stevenciobo.com/,http://parlinfo.aph.gov.au/parlInfo/download/handbook/allmps/00AN0/upload_ref_binary/00AN0.JPG,,https://www.facebook.com/StevenCioboMP,http://twitter.com/steveciobo
HWL,The Hon Jason Clare MP,Australian Labor Party,representatives,http://www.aph.gov.au/Senators_and_Members/Parliamentarian?MPID=HWL,http://www.jasonclare.com.au,http://parlinfo.aph.gov.au/parlInfo/download/handbook/allmps/HWL/upload_ref_binary/HWL.jpg,,https://www.facebook.com/JasonClareMP,http://twitter.com/JasonClareMP
00AN1,The Hon John Cobb MP,The Nationals,representatives,http://www.aph.gov.au/Senators_and_Members/Parliamentarian?MPID=00AN1,http://www.johncobb.com.au/,http://parlinfo.aph.gov.au/parlInfo/download/handbook/allmps/00AN1/upload_ref_binary/00AN1.JPG,John.Cobb.MP@aph.gov.au,,
HWM,The Hon Julie Collins MP,Australian Labor Party,representatives,http://www.aph.gov.au/Senators_and_Members/Parliamentarian?MPID=HWM,http://www.juliecollins.com/,http://parlinfo.aph.gov.au/parlInfo/download/handbook/allmps/HWM/upload_ref_binary/HWM.JPG,,https://www.facebook.com/juliecollinsmp,https://twitter.com/JulieCollinsMP
HWN,Mr Mark Coulton MP,The Nationals,representatives,http://www.aph.gov.au/Senators_and_Members/Parliamentarian?MPID=HWN,http://www.markcoulton.com.au,http://parlinfo.aph.gov.au/parlInfo/download/handbook/allmps/HWN/upload_ref_binary/HWN.JPG,Mark.Coulton.MP@aph.gov.au,http://www.facebook.com/people/Mark-Coulton/732382571,https://twitter.com/MarkCoultonMP
WF6,The Hon Michael Danby MP,Australian Labor Party,representatives,http://www.aph.gov.au/Senators_and_Members/Parliamentarian?MPID=WF6,http://www.danbymp.com/,http://parlinfo.aph.gov.au/parlInfo/download/handbook/allmps/WF6/upload_ref_binary/WF6.jpg,Michael.Danby.MP@aph.gov.au,https://www.facebook.com/michael.danby.39,
HWG,The Hon Mark Dreyfus QC  MP,Australian Labor Party,representatives,http://www.aph.gov.au/Senators_and_Members/Parliamentarian?MPID=HWG,http://www.markdreyfus.com,http://parlinfo.aph.gov.au/parlInfo/download/handbook/allmps/HWG/upload_ref_binary/HWG.JPG,,http://en-gb.facebook.com/mark.dreyfus,
00AKI,The Hon Peter Dutton MP,Liberal Party of Australia,representatives,http://www.aph.gov.au/Senators_and_Members/Parliamentarian?MPID=00AKI,HTTP://www.peterdutton.com.au,http://parlinfo.aph.gov.au/parlInfo/download/handbook/allmps/00AKI/upload_ref_binary/00AKI.JPG,Peter.Dutton.MP@aph.gov.au,http://www.facebook.com/peterduttonmp,http://twitter.com/PeterDutton_MP
DZW,The Hon Justine Elliot MP,Australian Labor Party,representatives,http://www.aph.gov.au/Senators_and_Members/Parliamentarian?MPID=DZW,,http://parlinfo.aph.gov.au/parlInfo/download/handbook/allmps/DZW/upload_ref_binary/DZW.jpg,Justine.Elliot.MP@aph.gov.au,https://www.facebook.com/JustineElliotMP,
DZU,The Hon Kate Ellis MP,Australian Labor Party,representatives,http://www.aph.gov.au/Senators_and_Members/Parliamentarian?MPID=DZU,http://www.kateellis.com.au/index.cfm,http://parlinfo.aph.gov.au/parlInfo/download/handbook/allmps/DZU/upload_ref_binary/DZU.jpg,Kate.Ellis.MP@aph.gov.au,http://www.facebook.com/pages/Kate-Ellis-MP/248221178548054,http://twitter.com/KateEllisMP
8K6,The Hon Joel Fitzgibbon MP,Australian Labor Party,representatives,http://www.aph.gov.au/Senators_and_Members/Parliamentarian?MPID=8K6,http://www.joelfitzgibbon.com/,http://parlinfo.aph.gov.au/parlInfo/download/handbook/allmps/8K6/upload_ref_binary/8K6.jpg,J.Fitzgibbon.MP@aph.gov.au,https://www.facebook.com/JoelFitzgibbonMP,http://twitter.com/fitzhunter
8W5,The Hon Gary Gray AO  MP,Australian Labor Party,representatives,http://www.aph.gov.au/Senators_and_Members/Parliamentarian?MPID=8W5,http://www.garygray.com.au/,http://parlinfo.aph.gov.au/parlInfo/download/handbook/allmps/8W5/upload_ref_binary/8W5.jpg,Gary.Gray.MP@aph.gov.au,https://www.facebook.com/garygraymp,
VU5,The Hon Alan Griffin MP,Australian Labor Party,representatives,http://www.aph.gov.au/Senators_and_Members/Parliamentarian?MPID=VU5,http://www.griffinmp.com/,http://parlinfo.aph.gov.au/parlInfo/download/handbook/allmps/VU5/upload_ref_binary/VU5.jpg,Alan.Griffin.MP@aph.gov.au,https://www.facebook.com/griffin.alan,
83N,Ms Jill Hall MP,Australian Labor Party,representatives,http://www.aph.gov.au/Senators_and_Members/Parliamentarian?MPID=83N,http://www.jillhall.com/home,http://parlinfo.aph.gov.au/parlInfo/download/handbook/allmps/83N/upload_ref_binary/83N.jpg,Jill.Hall.MP@aph.gov.au,https://www.facebook.com/Jill.Hall.Shortland,https://twitter.com/JillHallMP
00AMM,The Hon Luke Hartsuyker MP,The Nationals,representatives,http://www.aph.gov.au/Senators_and_Members/Parliamentarian?MPID=00AMM,http://www.lukehartsuyker.com.au/,http://parlinfo.aph.gov.au/parlInfo/download/handbook/allmps/00AMM/upload_ref_binary/00AMM.JPG,Luke.Hartsuyker.MP@aph.gov.au,https://www.facebook.com/luke.hartsuyker.mp,https://twitter.com/Luke_Hartsuyker
HWO,Mr Alex Hawke MP,Liberal Party of Australia,representatives,http://www.aph.gov.au/Senators_and_Members/Parliamentarian?MPID=HWO,http://www.alexhawke.com.au/,http://parlinfo.aph.gov.au/parlInfo/download/handbook/allmps/HWO/upload_ref_binary/HWO.jpg,,http://www.facebook.com/alex.hawke.mp,http://twitter.com/alexhawkemp
DK6,The Hon Joe Hockey MP,Liberal Party of Australia,representatives,http://www.aph.gov.au/Senators_and_Members/Parliamentarian?MPID=DK6,http://www.joehockey.com,http://parlinfo.aph.gov.au/parlInfo/download/handbook/allmps/DK6/upload_ref_binary/DK6.JPG,J.Hockey.MP@aph.gov.au,http://www.facebook.com/joehockey,http://twitter.com/JoeHockey
00AMV,The Hon Greg Hunt MP,Liberal Party of Australia,representatives,http://www.aph.gov.au/Senators_and_Members/Parliamentarian?MPID=00AMV,http://www.greghunt.com.au/,http://parlinfo.aph.gov.au/parlInfo/download/handbook/allmps/00AMV/upload_ref_binary/00AMV.JPG,Greg.Hunt.MP@aph.gov.au,http://www.facebook.com/greg.hunt.mp,http://www.twitter.com/greghuntmp
HYM,Mr Steve Irons MP,Liberal Party of Australia,representatives,http://www.aph.gov.au/Senators_and_Members/Parliamentarian?MPID=HYM,http://www.steveirons.com.au/,http://parlinfo.aph.gov.au/parlInfo/download/handbook/allmps/HYM/upload_ref_binary/HYM.jpg,,https://www.facebook.com/pages/Steve-Irons-MP-Federal-Member-for-Swan/162172533830403,http://twitter.com/SteveIronsMP
DYN,Dr Dennis Jensen MP,Liberal Party of Australia,representatives,http://www.aph.gov.au/Senators_and_Members/Parliamentarian?MPID=DYN,http://www.dennisjensen.com.au/,http://parlinfo.aph.gov.au/parlInfo/download/handbook/allmps/DYN/upload_ref_binary/DYN.jpg,Dennis.Jensen.MP@aph.gov.au,http://www.facebook.com/dennisjensenmp,http://twitter.com/DennisJensenMP
HX4,The Hon Bob Katter MP,Katter's Australian Party,representatives,http://www.aph.gov.au/Senators_and_Members/Parliamentarian?MPID=HX4,http://www.bobkatter.com.au/,http://parlinfo.aph.gov.au/parlInfo/download/handbook/allmps/HX4/upload_ref_binary/HX4.jpg,Bob.Katter.MP@aph.gov.au,http://www.facebook.com/bobkattermp,http://twitter.com/RealBobKatter
E0J,The Hon Michael Keenan MP,Liberal Party of Australia,representatives,http://www.aph.gov.au/Senators_and_Members/Parliamentarian?MPID=E0J,http://www.keenan.net.au,http://parlinfo.aph.gov.au/parlInfo/download/handbook/allmps/E0J/upload_ref_binary/E0J.JPG,,http://www.facebook.com/MichaelKeeenanMP,http://twitter.com/michaelkeenanmp
00AMR,The Hon Catherine King MP,Australian Labor Party,representatives,http://www.aph.gov.au/Senators_and_Members/Parliamentarian?MPID=00AMR,http://www.catherineking.com.au/,http://parlinfo.aph.gov.au/parlInfo/download/handbook/allmps/00AMR/upload_ref_binary/00AMR.JPG,Catherine.King.MP@aph.gov.au,http://www.facebook.com/CatherineKingMP,http://twitter.com/CatherineKingMP
E0H,Mr Andrew Laming MP,Liberal Party of Australia,representatives,http://www.aph.gov.au/Senators_and_Members/Parliamentarian?MPID=E0H,http://www.andrewlaming.com.au/,http://parlinfo.aph.gov.au/parlInfo/download/handbook/allmps/E0H/upload_ref_binary/E0H.jpg,,http://www.facebook.com/profile.php?id=100000494042921,http://twitter.com/AndrewLamingMP
00AMN,The Hon Sussan Ley MP,Liberal Party of Australia,representatives,http://www.aph.gov.au/Senators_and_Members/Parliamentarian?MPID=00AMN,http://www.sussanley.com/,http://parlinfo.aph.gov.au/parlInfo/download/handbook/allmps/00AMN/upload_ref_binary/00AMN.JPG,Farrer@aph.gov.au,http://www.facebook.com/pages/Sussan-Ley-MP/198830586850988,http://twitter.com/sussanley
WN6,The Hon Ian Macfarlane MP,Liberal Party of Australia,representatives,http://www.aph.gov.au/Senators_and_Members/Parliamentarian?MPID=WN6,http://www.ianmacfarlanemp.com/,http://parlinfo.aph.gov.au/parlInfo/download/handbook/allmps/WN6/upload_ref_binary/WN6.JPG,Ian.Macfarlane.MP@aph.gov.au,https://www.facebook.com/IanMacfarlaneMP,
PG6,The Hon Jenny Macklin MP,Australian Labor Party,representatives,http://www.aph.gov.au/Senators_and_Members/Parliamentarian?MPID=PG6,http://www.jennymacklin.net.au,http://parlinfo.aph.gov.au/parlInfo/download/handbook/allmps/PG6/upload_ref_binary/PG6.jpg,,,
HWP,Ms Nola Marino MP,Liberal Party of Australia,representatives,http://www.aph.gov.au/Senators_and_Members/Parliamentarian?MPID=HWP,http://nolamarino.com.au/,http://parlinfo.aph.gov.au/parlInfo/download/handbook/allmps/HWP/upload_ref_binary/HWP.jpg,Nola.Marino.MP@aph.gov.au,http://www.facebook.com/nola.marino.mp,http://twitter.com/#!/NolaMarinoMP
HWQ,The Hon Richard Marles MP,Australian Labor Party,representatives,http://www.aph.gov.au/Senators_and_Members/Parliamentarian?MPID=HWQ,http://www.richardmarles.com.au/,http://parlinfo.aph.gov.au/parlInfo/download/handbook/allmps/HWQ/upload_ref_binary/HWQ.JPG,,https://www.facebook.com/richardmarlesmp,https://twitter.com/RichardMarlesMP
E3L,The Hon Scott Morrison MP,Liberal Party of Australia,representatives,http://www.aph.gov.au/Senators_and_Members/Parliamentarian?MPID=E3L,http://www.scottmorrison.com.au/,http://parlinfo.aph.gov.au/parlInfo/download/handbook/allmps/E3L/upload_ref_binary/E3L.JPG,,http://www.facebook.com/pages/Scott-Morrison/101546263223119,http://twitter.com/ScottMorrisonMP
HVO,The Hon Shayne Neumann MP,Australian Labor Party,representatives,http://www.aph.gov.au/Senators_and_Members/Parliamentarian?MPID=HVO,http://www.shayneneumann.com.au/,http://parlinfo.aph.gov.au/parlInfo/download/handbook/allmps/HVO/upload_ref_binary/HVO.JPG,Shayne.Neumann.MP@aph.gov.au,https://www.facebook.com/shayne.neumann,http://twitter.com/ShayneNeumannMP
00AN3,The Hon Brendan O'Connor MP,Australian Labor Party,representatives,http://www.aph.gov.au/Senators_and_Members/Parliamentarian?MPID=00AN3,http://www.brendanoconnor.com.au,http://parlinfo.aph.gov.au/parlInfo/download/handbook/allmps/00AN3/upload_ref_binary/00AN3.JPG,Brendan.O'Connor.MP@aph.gov.au,https://www.facebook.com/pages/Brendan-OConnor-MP/287789063686?sk=info,
E09,Ms Julie Owens MP,Australian Labor Party,representatives,http://www.aph.gov.au/Senators_and_Members/Parliamentarian?MPID=E09,http://www.julieowens.com.au/,http://parlinfo.aph.gov.au/parlInfo/download/handbook/allmps/E09/upload_ref_binary/E09.jpg,Julie.Owens.MP@aph.gov.au,http://www.facebook.com/julie.owens.mp,http://twitter.com/JulieOwensMP
HWR,The Hon Melissa Parke MP,Australian Labor Party,representatives,http://www.aph.gov.au/Senators_and_Members/Parliamentarian?MPID=HWR,http://www.melissaparke.com.au,http://parlinfo.aph.gov.au/parlInfo/download/handbook/allmps/HWR/upload_ref_binary/HWR.JPG,,https://www.facebook.com/MelissaParkeMP,
HVP,Mr Graham Perrett MP,Australian Labor Party,representatives,http://www.aph.gov.au/Senators_and_Members/Parliamentarian?MPID=HVP,http://www.grahamperrettmp.com,http://parlinfo.aph.gov.au/parlInfo/download/handbook/allmps/HVP/upload_ref_binary/HVP.jpg,,http://www.facebook.com/profile.php?id=660999841,http://www.twitter.com/GrahamPerrettMP
83M,The Hon Tanya Plibersek MP,Australian Labor Party,representatives,http://www.aph.gov.au/Senators_and_Members/Parliamentarian?MPID=83M,http://www.tanyaplibersek.com/,http://parlinfo.aph.gov.au/parlInfo/download/handbook/allmps/83M/upload_ref_binary/83M.jpg,,https://www.facebook.com/tanya.plibersek,http://twitter.com/tanya_plibersek
9V5,The Hon Christopher Pyne MP,Liberal Party of Australia,representatives,http://www.aph.gov.au/Senators_and_Members/Parliamentarian?MPID=9V5,http://www.pyneonline.com.au/,http://parlinfo.aph.gov.au/parlInfo/download/handbook/allmps/9V5/upload_ref_binary/9V5.JPG,C.Pyne.MP@aph.gov.au,https://www.facebook.com/christopher.pyne,https://www.twitter.com/C_Pyne_MP
HWS,Mr Rowan Ramsey MP,Liberal Party of Australia,representatives,http://www.aph.gov.au/Senators_and_Members/Parliamentarian?MPID=HWS,http://www.rowanramsey.com.au/,http://parlinfo.aph.gov.au/parlInfo/download/handbook/allmps/HWS/upload_ref_binary/HWS.jpg,,,
PK6,Mr Don Randall MP,Liberal Party of Australia,representatives,http://www.aph.gov.au/Senators_and_Members/Parliamentarian?MPID=PK6,http://www.donrandallmp.com/,http://parlinfo.aph.gov.au/parlInfo/download/handbook/allmps/PK6/upload_ref_binary/PK6.JPG,Don.Randall.MP@aph.gov.au,,
83E,The Hon Bernie Ripoll MP,Australian Labor Party,representatives,http://www.aph.gov.au/Senators_and_Members/Parliamentarian?MPID=83E,http://www.bernieripoll.com.au/,http://parlinfo.aph.gov.au/parlInfo/download/handbook/allmps/83E/upload_ref_binary/83E.JPG,Bernie.Ripoll.MP@aph.gov.au,http://www.facebook.com/pages/Bernie-Ripoll/47126097966,http://twitter.com/bernieripoll_mp
HWA,The Hon Amanda Rishworth MP,Australian Labor Party,representatives,http://www.aph.gov.au/Senators_and_Members/Parliamentarian?MPID=HWA,http://www.rishworth.com.au,http://parlinfo.aph.gov.au/parlInfo/download/handbook/allmps/HWA/upload_ref_binary/HWA.jpg,,http://www.facebook.com/rishworth,http://twitter.com/AmandaRishworth
FU4,The Hon Andrew Robb AO  MP,Liberal Party of Australia,representatives,http://www.aph.gov.au/Senators_and_Members/Parliamentarian?MPID=FU4,http://www.andrewrobb.com.au/,http://parlinfo.aph.gov.au/parlInfo/download/handbook/allmps/FU4/upload_ref_binary/FU4.JPG,Andrew.Robb.MP@aph.gov.au,https://www.facebook.com/AndrewRobbMP,http://twitter.com/AndrewRobbMP
HWT,The Hon Stuart Robert MP,Liberal Party of Australia,representatives,http://www.aph.gov.au/Senators_and_Members/Parliamentarian?MPID=HWT,http://www.robert.com.au/,http://parlinfo.aph.gov.au/parlInfo/download/handbook/allmps/HWT/upload_ref_binary/HWT.jpg,,,http://twitter.com/stuartrobertmp
0J4,The Hon Philip Ruddock MP,Liberal Party of Australia,representatives,http://www.aph.gov.au/Senators_and_Members/Parliamentarian?MPID=0J4,http://www.ruddockmp.com.au/,http://parlinfo.aph.gov.au/parlInfo/download/handbook/allmps/0J4/upload_ref_binary/0J4.jpg,,,
00ATG,The Hon Bill Shorten MP,Australian Labor Party,representatives,http://www.aph.gov.au/Senators_and_Members/Parliamentarian?MPID=00ATG,http://www.billshorten.com.au/,http://parlinfo.aph.gov.au/parlInfo/download/handbook/allmps/00ATG/upload_ref_binary/00ATG.jpg,,http://www.facebook.com/BillShorten,http://twitter.com/billshortenmp
HWE,Mr Luke Simpkins MP,Liberal Party of Australia,representatives,http://www.aph.gov.au/Senators_and_Members/Parliamentarian?MPID=HWE,http://www.lukesimpkinsmp.com/,http://parlinfo.aph.gov.au/parlInfo/download/handbook/allmps/HWE/upload_ref_binary/HWE.jpg,,http://www.facebook.com/profile.php?id=1588540248,
00APG,The Hon Tony Smith MP,Liberal Party of Australia,representatives,http://www.aph.gov.au/Senators_and_Members/Parliamentarian?MPID=00APG,http://www.tonysmithmp.com/,http://parlinfo.aph.gov.au/parlInfo/download/handbook/allmps/00APG/upload_ref_binary/00APG.JPG,Tony.Smith.MP@aph.gov.au,https://www.facebook.com/tonysmithmp,http://twitter.com/TonySmithMP
IJ4,The Hon Warren Snowdon MP,Australian Labor Party,representatives,http://www.aph.gov.au/Senators_and_Members/Parliamentarian?MPID=IJ4,http://www.warrensnowdon.com,http://parlinfo.aph.gov.au/parlInfo/download/handbook/allmps/IJ4/upload_ref_binary/IJ4.jpg,Warren.Snowdon.MP@aph.gov.au,http://www.facebook.com/snowdonmp,
TK6,Dr Andrew Southcott MP,Liberal Party of Australia,representatives,http://www.aph.gov.au/Senators_and_Members/Parliamentarian?MPID=TK6,http://www.andrewsouthcott.com/,http://parlinfo.aph.gov.au/parlInfo/download/handbook/allmps/TK6/upload_ref_binary/TK6.JPG,Andrew.Southcott.MP@aph.gov.au,http://www.facebook.com/people/Andrew-Southcott/564332755,http://twitter.com/asouthcottmp
EM6,The Hon Dr Sharman Stone MP,Liberal Party of Australia,representatives,http://www.aph.gov.au/Senators_and_Members/Parliamentarian?MPID=EM6,http://www.sharmanstone.com/,http://parlinfo.aph.gov.au/parlInfo/download/handbook/allmps/EM6/upload_ref_binary/EM6.JPG,,http://www.facebook.com/profile.php?id=618520734,http://twitter.com/SharmanStone
2V5,The Hon Wayne Swan MP,Australian Labor Party,representatives,http://www.aph.gov.au/Senators_and_Members/Parliamentarian?MPID=2V5,http://www.swanmp.org,http://parlinfo.aph.gov.au/parlInfo/download/handbook/allmps/2V5/upload_ref_binary/2V5.jpg,,http://www.facebook.com/Wayne.Swan.MP,https://twitter.com/SwannyQLD
UK6,The Hon Kelvin Thomson MP,Australian Labor Party,representatives,http://www.aph.gov.au/Senators_and_Members/Parliamentarian?MPID=UK6,http://www.kelvinthomson.com.au/,http://parlinfo.aph.gov.au/parlInfo/download/handbook/allmps/UK6/upload_ref_binary/UK6.jpg,Kelvin.Thomson.MP@aph.gov.au,http://www.facebook.com/profile.php?id=634701493,http://twitter.com/KelvinThomsonMP
GT4,The Hon Warren Truss MP,The Nationals,representatives,http://www.aph.gov.au/Senators_and_Members/Parliamentarian?MPID=GT4,http://www.warrentruss.com,http://parlinfo.aph.gov.au/parlInfo/download/handbook/allmps/GT4/upload_ref_binary/GT4.JPG,,https://www.facebook.com/warrentrussmp,https://twitter.com/warrentrussmp
885,The Hon Malcolm Turnbull MP,Liberal Party of Australia,representatives,http://www.aph.gov.au/Senators_and_Members/Parliamentarian?MPID=885,http://www.malcolmturnbull.com.au/,http://parlinfo.aph.gov.au/parlInfo/download/handbook/allmps/885/upload_ref_binary/885.JPG,Malcolm.Turnbull.MP@aph.gov.au,http://www.facebook.com/pages/Malcolm-Turnbull/53772921578,http://twitter.com/TurnbullMalcolm
00AMT,Ms Maria Vamvakinou MP,Australian Labor Party,representatives,http://www.aph.gov.au/Senators_and_Members/Parliamentarian?MPID=00AMT,http://www.mariavamvakinou.com,http://parlinfo.aph.gov.au/parlInfo/download/handbook/allmps/00AMT/upload_ref_binary/00AMT.jpg,Maria.Vamvakinou.MP@aph.gov.au,http://en-gb.facebook.com/people/Maria-Vamvakinou-Mp/100000798112750,http://twitter.com/MariaVamvakinou
HWB,Mr Tony Zappia MP,Australian Labor Party,representatives,http://www.aph.gov.au/Senators_and_Members/Parliamentarian?MPID=HWB,,http://parlinfo.aph.gov.au/parlInfo/download/handbook/allmps/HWB/upload_ref_binary/HWB.JPG,Tony.Zappia.MP@aph.gov.au,,
IPZ,The Hon Darren Chester MP,The Nationals,representatives,http://www.aph.gov.au/Senators_and_Members/Parliamentarian?MPID=IPZ,http://www.darrenchester.com.au/,http://parlinfo.aph.gov.au/parlInfo/download/handbook/allmps/IPZ/upload_ref_binary/IPZ.JPG,,https://www.facebook.com/darrenchestermp,https://twitter.com/DarrenChesterMP
IYU,The Hon Jamie Briggs MP,Liberal Party of Australia,representatives,http://www.aph.gov.au/Senators_and_Members/Parliamentarian?MPID=IYU,http://www.jamiebriggs.com.au,http://parlinfo.aph.gov.au/parlInfo/download/handbook/allmps/IYU/upload_ref_binary/IYU.JPG,,http://www.facebook.com/profile.php?id=1024460381,http://twitter.com/BriggsJamie
L6B,The Hon Paul Fletcher MP,Liberal Party of Australia,representatives,http://www.aph.gov.au/Senators_and_Members/Parliamentarian?MPID=L6B,http://www.paulfletcher.com.au/,http://parlinfo.aph.gov.au/parlInfo/download/handbook/allmps/L6B/upload_ref_binary/l6b.jpg,Paul.Fletcher.MP@aph.gov.au,http://www.facebook.com/pages/Paul-Fletcher/142496131402,http://twitter.com/paulwfletcher/
LKU,Ms Kelly O'Dwyer MP,Liberal Party of Australia,representatives,http://www.aph.gov.au/Senators_and_Members/Parliamentarian?MPID=LKU,http://kellyodwyer.com.au/,http://parlinfo.aph.gov.au/parlInfo/download/handbook/allmps/LKU/upload_ref_binary/lku.jpg,,http://www.facebook.com/pages/Kelly-ODwyer/171601117783,http://twitter.com/kellyodwyer
M3M,Mr John Alexander OAM  MP,Liberal Party of Australia,representatives,http://www.aph.gov.au/Senators_and_Members/Parliamentarian?MPID=M3M,http://www.johnalexander.net.au/,http://parlinfo.aph.gov.au/parlInfo/download/handbook/allmps/m3m/upload_ref_binary/m3m.jpg,,http://www.facebook.com/profile.php?id=100001834307725,http://twitter.com/JohnAlexanderMP
230485,Mr George Christensen MP,The Nationals,representatives,http://www.aph.gov.au/Senators_and_Members/Parliamentarian?MPID=230485,http://www.georgechristensen.com.au/,http://parlinfo.aph.gov.au/parlInfo/download/handbook/allmps/230485/upload_ref_binary/230485.jpg,,https://www.facebook.com/georgechristensen78,http://twitter.com/GChristensenMP
C2T,Mr Andrew Wilkie MP,Independent,representatives,http://www.aph.gov.au/Senators_and_Members/Parliamentarian?MPID=C2T,http://www.andrewwilkie.org/content/index.php/aw/home/,http://parlinfo.aph.gov.au/parlInfo/download/handbook/allmps/c2t/upload_ref_binary/c2t.jpg,,http://www.facebook.com/andrewwilkiemp,http://twitter.com/WilkieMP
139441,Mr Ken O'Dowd MP,The Nationals,representatives,http://www.aph.gov.au/Senators_and_Members/Parliamentarian?MPID=139441,http://www.kenodowd.com.au/,http://parlinfo.aph.gov.au/parlInfo/download/handbook/allmps/139441/upload_ref_binary/139441.jpg,,,
188315,Mr Bert Van Manen MP,Liberal Party of Australia,representatives,http://www.aph.gov.au/Senators_and_Members/Parliamentarian?MPID=188315,http://www.bertvanmanen.com.au/,http://parlinfo.aph.gov.au/parlInfo/download/handbook/allmps/188315/upload_ref_binary/188315.jpg,,,http://twitter.com/bertvanmanen/
M3A,Mr Ken Wyatt AM  MP,Liberal Party of Australia,representatives,http://www.aph.gov.au/Senators_and_Members/Parliamentarian?MPID=M3A,http://www.kenwyatt.com.au/,http://parlinfo.aph.gov.au/parlInfo/download/handbook/allmps/m3a/upload_ref_binary/m3a.jpg,,https://www.facebook.com/KenWyattMP,http://twitter.com/KenWyattMP
7K6,The Hon Warren Entsch MP,Liberal Party of Australia,representatives,http://www.aph.gov.au/Senators_and_Members/Parliamentarian?MPID=7K6,,http://parlinfo.aph.gov.au/parlInfo/download/handbook/allmps/7K6/upload_ref_binary/7K6.jpg,,https://www.facebook.com/WarrenEntschMP,
M2X,Mr Wyatt Roy MP,Liberal Party of Australia,representatives,http://www.aph.gov.au/Senators_and_Members/Parliamentarian?MPID=M2X,http://www.wyattroy.com.au/,http://parlinfo.aph.gov.au/parlInfo/download/handbook/allmps/m2x/upload_ref_binary/m2x.jpg,,http://www.facebook.com/wyatt.roy1,http://twitter.com/Wyatt_Roy_MP
E07,Mrs Louise Markus MP,Liberal Party of Australia,representatives,http://www.aph.gov.au/Senators_and_Members/Parliamentarian?MPID=E07,http://www.louisemarkus.com.au,http://parlinfo.aph.gov.au/parlInfo/download/handbook/allmps/E07/upload_ref_binary/E07.JPG,,http://www.facebook.com/louise.markus.mp,
M3E,Mr Rob Mitchell MP,Australian Labor Party,representatives,http://www.aph.gov.au/Senators_and_Members/Parliamentarian?MPID=M3E,http://www.robmitchell.com.au/,http://parlinfo.aph.gov.au/parlInfo/download/handbook/allmps/m3e/upload_ref_binary/m3e.jpg,,http://www.facebook.com/pages/Rob-Mitchell-MP-Federal-Labor-Member-for-McEwen/113830088678537,http://twitter.com/#!/RobMitchellMP
M3C,Mr Adam Bandt MP,Australian Greens,representatives,http://www.aph.gov.au/Senators_and_Members/Parliamentarian?MPID=M3C,http://adam-bandt.greensmps.org.au/,http://parlinfo.aph.gov.au/parlInfo/download/handbook/allmps/m3c/upload_ref_binary/m3c.jpg,adam.bandt.mp@aph.gov.au,http://www.facebook.com/Adam.Bandt.MP,http://twitter.com/adambandt
220370,Mrs Natasha Griggs MP,Country Liberal Party,representatives,http://www.aph.gov.au/Senators_and_Members/Parliamentarian?MPID=220370,http://www.natashagriggs.com.au/,http://parlinfo.aph.gov.au/parlInfo/download/handbook/allmps/220370/upload_ref_binary/220370.jpg,,http://www.facebook.com/natashagriggsmp,http://twitter.com/natashagriggsmp
30540,Ms Gai Brodtmann MP,Australian Labor Party,representatives,http://www.aph.gov.au/Senators_and_Members/Parliamentarian?MPID=30540,http://www.gaibrodtmann.com.au,http://parlinfo.aph.gov.au/parlInfo/download/handbook/allmps/30540/upload_ref_binary/30540.jpg,gai.brodtmann.mp@aph.gov.au,http://www.facebook.com/pages/Gai-Brodtmann/139691649380518,
M2V,Mr Russell Matheson MP,Liberal Party of Australia,representatives,http://www.aph.gov.au/Senators_and_Members/Parliamentarian?MPID=M2V,http://www.russellmatheson.com.au/,http://parlinfo.aph.gov.au/parlInfo/download/handbook/allmps/m2v/upload_ref_binary/m2v.jpg,russell.matheson.mp@aph.gov.au,http://www.facebook.com/pages/Russell-Matheson-MP-Federal-Member-for-Macarthur/164320700256328,http://twitter.com/russellmatheson
A9B,Mr Stephen Jones MP,Australian Labor Party,representatives,http://www.aph.gov.au/Senators_and_Members/Parliamentarian?MPID=A9B,http://www.stephenjones.org.au/,http://parlinfo.aph.gov.au/parlInfo/download/handbook/allmps/a9b/upload_ref_binary/a9b.jpg,,http://www.facebook.com/pages/Stephen-Jones-for-Throsby/324823886818,http://twitter.com/stephenjonesalp
FKL,The Hon Josh Frydenberg MP,Liberal Party of Australia,representatives,http://www.aph.gov.au/Senators_and_Members/Parliamentarian?MPID=FKL,http://www.joshfrydenberg.com.au/,http://parlinfo.aph.gov.au/parlInfo/download/handbook/allmps/FKL/upload_ref_binary/FKL.jpg,josh.frydenberg.mp@aph.gov.au,http://www.facebook.com/JoshFrydenbergMP,http://twitter.com/JoshFrydenberg
210911,Mr Dan Tehan MP,Liberal Party of Australia,representatives,http://www.aph.gov.au/Senators_and_Members/Parliamentarian?MPID=210911,http://www.dantehan.com.au/,http://parlinfo.aph.gov.au/parlInfo/download/handbook/allmps/210911/upload_ref_binary/210911.jpg,,https://www.facebook.com/pages/Dan-Tehan-MP/307339209323908,http://twitter.com/DanTehanWannon
219646,The Hon Michael McCormack MP,The Nationals,representatives,http://www.aph.gov.au/Senators_and_Members/Parliamentarian?MPID=219646,http://www.michaelmccormack.com.au/,http://parlinfo.aph.gov.au/parlInfo/download/handbook/allmps/219646/upload_ref_binary/219646.jpg,,http://www.facebook.com/people/Michael-McCormack/100002102184276,http://twitter.com/M_McCormackMP
ECV,Mr Chris Hayes MP,Australian Labor Party,representatives,http://www.aph.gov.au/Senators_and_Members/Parliamentarian?MPID=ECV,http://www.chrishayesmp.com/,http://parlinfo.aph.gov.au/parlInfo/download/handbook/allmps/ECV/upload_ref_binary/ECV.JPG,Chris.Hayes.MP@aph.gov.au,,
96430,Mr Ewen Jones MP,Liberal Party of Australia,representatives,http://www.aph.gov.au/Senators_and_Members/Parliamentarian?MPID=96430,http://www.ewenjones.com.au/,http://parlinfo.aph.gov.au/parlInfo/download/handbook/allmps/96430/upload_ref_binary/96430.jpg,,http://www.facebook.com/ewenjonesmp,http://twitter.com/EwenJonesMP
230886,Mrs Karen Andrews MP,Liberal Party of Australia,representatives,http://www.aph.gov.au/Senators_and_Members/Parliamentarian?MPID=230886,http://karenandrewsmp.com,http://parlinfo.aph.gov.au/parlInfo/download/handbook/allmps/230886/upload_ref_binary/230886.jpg,,http://www.facebook.com/pages/Karen-Andrews-MP/150255771679533?ref=ts,http://twitter.com/karenandrewsmp
BU8,The Hon Dr Andrew Leigh MP,Australian Labor Party,representatives,http://www.aph.gov.au/Senators_and_Members/Parliamentarian?MPID=BU8,http://www.andrewleigh.com/,http://parlinfo.aph.gov.au/parlInfo/download/handbook/allmps/bu8/upload_ref_binary/bu8.jpg,andrew.leigh.mp@aph.gov.au,http://www.facebook.com/pages/Andrew-Leigh-MP/129819533748295,
M2Y,The Hon Alan Tudge MP,Liberal Party of Australia,representatives,http://www.aph.gov.au/Senators_and_Members/Parliamentarian?MPID=M2Y,http://www.alantudge.com.au/,http://parlinfo.aph.gov.au/parlInfo/download/handbook/allmps/m2y/upload_ref_binary/m2y.jpg,,http://www.facebook.com/alantudgemp,http://twitter.com/AlanTudgeMP
91219,The Hon Ed Husic MP,Australian Labor Party,representatives,http://www.aph.gov.au/Senators_and_Members/Parliamentarian?MPID=91219,http://www.edhusic.com/,http://parlinfo.aph.gov.au/parlInfo/download/handbook/allmps/91219/upload_ref_binary/91219.jpg,,http://www.facebook.com/ehusic,http://twitter.com/edhusicmp
99931,Mr Craig Kelly MP,Liberal Party of Australia,representatives,http://www.aph.gov.au/Senators_and_Members/Parliamentarian?MPID=99931,http://craigkelly.com.au/,http://parlinfo.aph.gov.au/parlInfo/download/handbook/allmps/99931/upload_ref_binary/99931.jpg,,http://www.facebook.com/CraigKellyMP,http://twitter.com/CraigKellyMP
159771,Ms Michelle Rowland MP,Australian Labor Party,representatives,http://www.aph.gov.au/Senators_and_Members/Parliamentarian?MPID=159771,http://www.michellerowland.com.au/,http://parlinfo.aph.gov.au/parlInfo/download/handbook/allmps/159771/upload_ref_binary/159771.jpg,michelle.rowland.mp@aph.gov.au,http://www.facebook.com/mrowlandmp,http://twitter.com/MRowlandMP
8T4,Mr Laurie Ferguson MP,Australian Labor Party,representatives,http://www.aph.gov.au/Senators_and_Members/Parliamentarian?MPID=8T4,http://www.laurieferguson.com.au,http://parlinfo.aph.gov.au/parlInfo/download/handbook/allmps/8T4/upload_ref_binary/8T4.jpg,,https://www.facebook.com/LaurieFergusonMP,https://twitter.com/FergusonLMP
DZS,The Hon Chris Bowen MP,Australian Labor Party,representatives,http://www.aph.gov.au/Senators_and_Members/Parliamentarian?MPID=DZS,http://www.chrisbowen.net,http://parlinfo.aph.gov.au/parlInfo/download/handbook/allmps/DZS/upload_ref_binary/DZS.JPG,Chris.Bowen.MP@aph.gov.au,http://www.facebook.com/chrisbowenmp,http://twitter.com/Bowenchris
230531,Mr Scott Buchholz MP,Liberal Party of Australia,representatives,http://www.aph.gov.au/Senators_and_Members/Parliamentarian?MPID=230531,http://www.scottbuchholz.com.au/,http://parlinfo.aph.gov.au/parlInfo/download/handbook/allmps/230531/upload_ref_binary/230531.jpg,,http://www.facebook.com/ScottBuchholzMP,http://twitter.com/ScottBuchholzMP
217266,Mrs Jane Prentice MP,Liberal Party of Australia,representatives,http://www.aph.gov.au/Senators_and_Members/Parliamentarian?MPID=217266,http://www.janeprentice.com.au/,http://parlinfo.aph.gov.au/parlInfo/download/handbook/allmps/217266/upload_ref_binary/217266.jpg,jane.prentice.mp@aph.gov.au,https://www.facebook.com/jprenticemp,http://twitter.com/JanePrentice_MP
E0D,Mr Ross Vasta MP,Liberal Party of Australia,representatives,http://www.aph.gov.au/Senators_and_Members/Parliamentarian?MPID=E0D,http://www.rossvasta.com.au/,http://parlinfo.aph.gov.au/parlInfo/download/handbook/allmps/E0D/upload_ref_binary/E0D.JPG,,http://www.facebook.com/pages/Ross-Vasta/299861623376616,
9K6,The Hon Teresa Gambaro MP,Liberal Party of Australia,representatives,http://www.aph.gov.au/Senators_and_Members/Parliamentarian?MPID=9K6,http://www.teresagambaro.com/,http://parlinfo.aph.gov.au/parlInfo/download/handbook/allmps/9K6/upload_ref_binary/9K6.jpg,,https://www.facebook.com/TeresaGambaroMP,http://twitter.com/TeresaGambaroMP
YT4,The Hon Bruce Scott MP,The Nationals,representatives,http://www.aph.gov.au/Senators_and_Members/Parliamentarian?MPID=YT4,http://www.maranoa.info,http://parlinfo.aph.gov.au/parlInfo/download/handbook/allmps/YT4/upload_ref_binary/YT4.JPG,Bruce.Scott.MP@aph.gov.au,,
241067,Mr David Coleman MP,Liberal Party of Australia,representatives,http://www.aph.gov.au/Senators_and_Members/Parliamentarian?MPID=241067,http://www.davidcoleman.com.au/,http://parlinfo.aph.gov.au/parlInfo/download/handbook/allmps/241067/upload_ref_binary/241067.jpg,,https://www.facebook.com/davidcoleman4banks,
240756,Mr Tony Pasin MP,Liberal Party of Australia,representatives,http://www.aph.gov.au/Senators_and_Members/Parliamentarian?MPID=240756,,http://parlinfo.aph.gov.au/parlInfo/download/handbook/allmps/240756/upload_ref_binary/240756.jpg,,https://www.facebook.com/pages/Tony-Pasin-Liberal-Candidate-for-Barker/250684105072363,
250077,Mr Nickolas Varvaris MP,Liberal Party of Australia,representatives,http://www.aph.gov.au/Senators_and_Members/Parliamentarian?MPID=250077,http://www.nickolasvarvaris.com.au/,http://parlinfo.aph.gov.au/parlInfo/download/handbook/allmps/250077/upload_ref_binary/250077.jpg,,https://www.facebook.com/nickvarvaris4barton,
137174,Mr Andrew Nikolic AM  CSC  MP,Liberal Party of Australia,representatives,http://www.aph.gov.au/Senators_and_Members/Parliamentarian?MPID=137174,http://andrewnikolic.com/,http://parlinfo.aph.gov.au/parlInfo/download/handbook/allmps/137174/upload_ref_binary/137174.jpg,,https://www.facebook.com/AndrewNikolic4Bass,https://twitter.com/andrewnikolic
I0O,Hon David Feeney MP,Australian Labor Party,representatives,http://www.aph.gov.au/Senators_and_Members/Parliamentarian?MPID=I0O,http://www.davidfeeney.com.au,http://parlinfo.aph.gov.au/parlInfo/download/handbook/allmps/I0O/upload_ref_binary/I0O.JPG,,,https://twitter.com/Feeney4Batman
249710,Ms Lisa Chesters MP,Australian Labor Party,representatives,http://www.aph.gov.au/Senators_and_Members/Parliamentarian?MPID=249710,http://www.lisachesters.org/,http://parlinfo.aph.gov.au/parlInfo/download/handbook/allmps/249710/upload_ref_binary/249710.jpg,,https://www.facebook.com/LisaChestersBendigo,https://twitter.com/LMChesters
207800,Mr Brett Whiteley MP,Liberal Party of Australia,representatives,http://www.aph.gov.au/Senators_and_Members/Parliamentarian?MPID=207800,,http://parlinfo.aph.gov.au/parlInfo/download/handbook/allmps/207800/upload_ref_binary/207800.jpg,,https://www.facebook.com/brettwhiteley.braddon,https://twitter.com/brettwhiteleymp
249764,Ms Michelle Landry MP,The Nationals,representatives,http://www.aph.gov.au/Senators_and_Members/Parliamentarian?MPID=249764,,http://parlinfo.aph.gov.au/parlInfo/download/handbook/allmps/249764/upload_ref_binary/249764.jpg,,https://www.facebook.com/Michelle4Capricornia,
249127,Mr Pat Conroy MP,Australian Labor Party,representatives,http://www.aph.gov.au/Senators_and_Members/Parliamentarian?MPID=249127,http://www.patconroy.com.au,http://parlinfo.aph.gov.au/parlInfo/download/handbook/allmps/249127/upload_ref_binary/249127.jpg,Pat.Conroy.MP@aph.gov.au,https://www.facebook.com/PatConroyLaborforCharlton,
ZN4,Ms Sarah Henderson MP,Liberal Party of Australia,representatives,http://www.aph.gov.au/Senators_and_Members/Parliamentarian?MPID=ZN4,http://sarahhenderson.com.au/,http://parlinfo.aph.gov.au/parlInfo/download/handbook/allmps/ZN4/upload_ref_binary/ZN4.jpg,,https://www.facebook.com/SarahHendersonMP,https://twitter.com/SHendersonMP
242515,Mr Michael Sukkar MP,Liberal Party of Australia,representatives,http://www.aph.gov.au/Senators_and_Members/Parliamentarian?MPID=242515,http://michaelsukkar.com.au/,http://parlinfo.aph.gov.au/parlInfo/download/handbook/allmps/242515/upload_ref_binary/242515.jpg,,https://www.facebook.com/Michael.Sukkar.MP,
241589,Mrs Karen McNamara MP,Liberal Party of Australia,representatives,http://www.aph.gov.au/Senators_and_Members/Parliamentarian?MPID=241589,,http://parlinfo.aph.gov.au/parlInfo/download/handbook/allmps/241589/upload_ref_binary/241589.jpg,,https://www.facebook.com/karenmcnamara4dobell,
249308,Ms Melissa Price MP,Liberal Party of Australia,representatives,http://www.aph.gov.au/Senators_and_Members/Parliamentarian?MPID=249308,,http://parlinfo.aph.gov.au/parlInfo/download/handbook/allmps/249308/upload_ref_binary/249308.jpg,,https://www.facebook.com/pages/Melissa-Price-Durack/146533948886081,
00BCM,Dr Peter Hendy MP,Liberal Party of Australia,representatives,http://www.aph.gov.au/Senators_and_Members/Parliamentarian?MPID=00BCM,http://www.peterhendy.com.au/,http://parlinfo.aph.gov.au/parlInfo/download/handbook/allmps/00BCM/upload_ref_binary/00BCM.jpg,,https://www.facebook.com/peterhendy4edenmonaro,
2K6,The Hon Mal Brough MP,Liberal Party of Australia,representatives,http://www.aph.gov.au/Senators_and_Members/Parliamentarian?MPID=2K6,http://malbrough.info/,http://parlinfo.aph.gov.au/parlInfo/download/handbook/allmps/2K6/upload_ref_binary/2K6.jpg,,https://www.facebook.com/MalBroughMP,
193430,Mr Tim Watts MP,Australian Labor Party,representatives,http://www.aph.gov.au/Senators_and_Members/Parliamentarian?MPID=193430,http://www.timwatts.net.au/,http://parlinfo.aph.gov.au/parlInfo/download/handbook/allmps/193430/upload_ref_binary/193430.jpg,,https://www.facebook.com/TimWattsGellibrand,https://twitter.com/TimWattsMP
241586,Mrs Ann Sudmalis MP,Liberal Party of Australia,representatives,http://www.aph.gov.au/Senators_and_Members/Parliamentarian?MPID=241586,https://www.nsw.liberal.org.au/ann-sudmalis,http://parlinfo.aph.gov.au/parlInfo/download/handbook/allmps/241586/upload_ref_binary/241586.jpg,Ann.Sudmalis.MP@aph.gov.au,https://www.facebook.com/AnnSudmalisMP,https://twitter.com/AnnSudmalisMP
249758,Mr Matt Williams MP,Liberal Party of Australia,representatives,http://www.aph.gov.au/Senators_and_Members/Parliamentarian?MPID=249758,,http://parlinfo.aph.gov.au/parlInfo/download/handbook/allmps/249758/upload_ref_binary/249758.jpg,,https://www.facebook.com/matt.williamsmp,
148150,Mr Keith Pitt MP,The Nationals,representatives,http://www.aph.gov.au/Senators_and_Members/Parliamentarian?MPID=148150,http://keithpitt.com.au/,http://parlinfo.aph.gov.au/parlInfo/download/handbook/allmps/148150/upload_ref_binary/148150.jpg,,https://www.facebook.com/KeithPittMP,
140590,Ms Clare O'Neil MP,Australian Labor Party,representatives,http://www.aph.gov.au/Senators_and_Members/Parliamentarian?MPID=140590,,http://parlinfo.aph.gov.au/parlInfo/download/handbook/allmps/140590/upload_ref_binary/140590.jpg,,https://www.facebook.com/ClareforHotham,https://twitter.com/clare_oneil
231027,Mr Angus Taylor MP,Liberal Party of Australia,representatives,http://www.aph.gov.au/Senators_and_Members/Parliamentarian?MPID=231027,,http://parlinfo.aph.gov.au/parlInfo/download/handbook/allmps/231027/upload_ref_binary/231027.jpg,,https://www.facebook.com/Angustaylor4hume,https://twitter.com/angusjtaylor
123674,Ms Cathy McGowan AO  MP,Independent,representatives,http://www.aph.gov.au/Senators_and_Members/Parliamentarian?MPID=123674,http://www.cathymcgowan.com.au/,http://parlinfo.aph.gov.au/parlInfo/download/handbook/allmps/123674/upload_ref_binary/123674.jpg,,https://www.facebook.com/CathyMcgowanForIndi,https://twitter.com/Indigocathy
182468,Hon Matt Thistlethwaite MP,Australian Labor Party,representatives,http://www.aph.gov.au/Senators_and_Members/Parliamentarian?MPID=182468,http://www.mattthistlethwaite.com.au/,http://parlinfo.aph.gov.au/parlInfo/download/handbook/allmps/182468/upload_ref_binary/182468.jpg,,https://www.facebook.com/ThistlethwaiteM,https://twitter.com/MThistlethwaite
E0F,Mr Jason Wood MP,Liberal Party of Australia,representatives,http://www.aph.gov.au/Senators_and_Members/Parliamentarian?MPID=E0F,http://www.JasonWood.com.au,http://parlinfo.aph.gov.au/parlInfo/download/handbook/allmps/E0F/upload_ref_binary/E0F.JPG,,https://www.facebook.com/JasonWood.updates,https://twitter.com/JasonWood_MP
249224,Ms Joanne Ryan MP,Australian Labor Party,representatives,http://www.aph.gov.au/Senators_and_Members/Parliamentarian?MPID=249224,http://www.joanneryan.com.au/,http://parlinfo.aph.gov.au/parlInfo/download/handbook/allmps/249224/upload_ref_binary/249224.jpg,,https://www.facebook.com/JoanneRyanLalor,https://twitter.com/JoanneRyanLalor
165476,Ms Fiona Scott MP,Liberal Party of Australia,representatives,http://www.aph.gov.au/Senators_and_Members/Parliamentarian?MPID=165476,https://www.nsw.liberal.org.au/fiona-scott,http://parlinfo.aph.gov.au/parlInfo/download/handbook/allmps/165476/upload_ref_binary/165476.jpg,,https://www.facebook.com/liberalforlindsay,
72184,Dr David Gillespie MP,The Nationals,representatives,http://www.aph.gov.au/Senators_and_Members/Parliamentarian?MPID=72184,http://www.davidgillespie.com.au/,http://parlinfo.aph.gov.au/parlInfo/download/handbook/allmps/72184/upload_ref_binary/72184.jpg,,https://www.facebook.com/DavidGillespieMP,https://twitter.com/DaveGillespieMP
212585,Mr Eric Hutchinson MP,Liberal Party of Australia,representatives,http://www.aph.gov.au/Senators_and_Members/Parliamentarian?MPID=212585,http://www.erichutchinson.com.au,http://parlinfo.aph.gov.au/parlInfo/download/handbook/allmps/212585/upload_ref_binary/212585.jpg,,https://www.facebook.com/eric.hutchinson.9212,https://twitter.com/hutchinson_eric
30379,Mr Andrew Broad MP,The Nationals,representatives,http://www.aph.gov.au/Senators_and_Members/Parliamentarian?MPID=30379,http://www.andrewbroad.com/,http://parlinfo.aph.gov.au/parlInfo/download/handbook/allmps/30379/upload_ref_binary/30379.jpg,,https://www.facebook.com/BroadForMallee,https://twitter.com/broad4mallee
74046,Mr Ian Goodenough MP,Liberal Party of Australia,representatives,http://www.aph.gov.au/Senators_and_Members/Parliamentarian?MPID=74046,http://www.wa.liberal.org.au/representative-intro/983,http://parlinfo.aph.gov.au/parlInfo/download/handbook/allmps/74046/upload_ref_binary/74046.jpg,,https://www.facebook.com/IanGoodenoughMP,
E5D,The Hon Barnaby Joyce MP,The Nationals,representatives,http://www.aph.gov.au/Senators_and_Members/Parliamentarian?MPID=E5D,http://www.barnabyjoyce.com.au/,http://parlinfo.aph.gov.au/parlInfo/download/handbook/allmps/E5D/upload_ref_binary/E5D.JPG,,https://www.facebook.com/BarnabyJoyceMP,https://twitter.com/Barnaby_Joyce
248181,Ms Sharon Claydon MP,Australian Labor Party,representatives,http://www.aph.gov.au/Senators_and_Members/Parliamentarian?MPID=248181,,http://parlinfo.aph.gov.au/parlInfo/download/handbook/allmps/248181/upload_ref_binary/248181.jpg,,https://www.facebook.com/SharonClaydonforNewcastle,https://twitter.com/SharonClaydon
198084,Mr Rick Wilson MP,Liberal Party of Australia,representatives,http://www.aph.gov.au/Senators_and_Members/Parliamentarian?MPID=198084,http://www.rickwilson.com.au,http://parlinfo.aph.gov.au/parlInfo/download/handbook/allmps/198084/upload_ref_binary/198084.jpg,,https://www.facebook.com/RickWilsonMP,https://twitter.com/RickWilsonMP
218019,Mr Kevin Hogan MP,The Nationals,representatives,http://www.aph.gov.au/Senators_and_Members/Parliamentarian?MPID=218019,http://kevinhogan.com.au/,http://parlinfo.aph.gov.au/parlInfo/download/handbook/allmps/218019/upload_ref_binary/218019.jpg,,https://www.facebook.com/KevinHoganMP,https://twitter.com/KevinHoganMP
208884,Hon Christian Porter MP,Liberal Party of Australia,representatives,http://www.aph.gov.au/Senators_and_Members/Parliamentarian?MPID=208884,http://www.wa.liberal.org.au/representative-intro/1012,http://parlinfo.aph.gov.au/parlInfo/download/handbook/allmps/208884/upload_ref_binary/208884.jpg,,http://www.facebook.com/christianportermp,
L6P,Hon Alannah MacTiernan MP,Australian Labor Party,representatives,http://www.aph.gov.au/Senators_and_Members/Parliamentarian?MPID=L6P,http://alannah.walabor.org.au/,http://parlinfo.aph.gov.au/parlInfo/download/handbook/allmps/L6P/upload_ref_binary/L6P.jpg,,https://www.facebook.com/AMacTiernan,https://twitter.com/AlannahMac
247742,Mr Luke Howarth MP,Liberal Party of Australia,representatives,http://www.aph.gov.au/Senators_and_Members/Parliamentarian?MPID=247742,http://lukehowarth.com.au/,http://parlinfo.aph.gov.au/parlInfo/download/handbook/allmps/247742/upload_ref_binary/247742.jpg,,https://www.facebook.com/LukeHowarthLNP,
37998,Dr Jim Chalmers MP,Australian Labor Party,representatives,http://www.aph.gov.au/Senators_and_Members/Parliamentarian?MPID=37998,http://www.jimchalmers.org/,http://parlinfo.aph.gov.au/parlInfo/download/handbook/allmps/37998/upload_ref_binary/37998.jpg,,https://www.facebook.com/jim4rankin,https://twitter.com/JEChalmers
247130,Mr Craig Laundy MP,Liberal Party of Australia,representatives,http://www.aph.gov.au/Senators_and_Members/Parliamentarian?MPID=247130,http://www.craiglaundy.com.au/,http://parlinfo.aph.gov.au/parlInfo/download/handbook/allmps/247130/upload_ref_binary/247130.jpg,,https://www.facebook.com/CraigLaundyMP,
241590,Mrs Lucy Wicks MP,Liberal Party of Australia,representatives,http://www.aph.gov.au/Senators_and_Members/Parliamentarian?MPID=241590,http://www.lucywicks.com.au,http://parlinfo.aph.gov.au/parlInfo/download/handbook/allmps/241590/upload_ref_binary/241590.jpg,,https://www.facebook.com/LucyWicksMP,https://twitter.com/LucyWicksMP
243609,Mr Andrew Giles MP,Australian Labor Party,representatives,http://www.aph.gov.au/Senators_and_Members/Parliamentarian?MPID=243609,,http://parlinfo.aph.gov.au/parlInfo/download/handbook/allmps/243609/upload_ref_binary/243609.jpg,,https://www.facebook.com/AndrewGilesScullin,https://twitter.com/andrewjgiles
83S,Ms Anna Burke MP,Australian Labor Party,representatives,http://www.aph.gov.au/Senators_and_Members/Parliamentarian?MPID=83S,http://www.annaburke.com,http://parlinfo.aph.gov.au/parlInfo/download/handbook/allmps/83S/upload_ref_binary/83S.jpg,Anna.Burke.MP@aph.gov.au,http://www.facebook.com/pages/Anna-Burke-MP/184394935018499,
SE4,The Hon Bronwyn Bishop MP,Liberal Party of Australia,representatives,http://www.aph.gov.au/Senators_and_Members/Parliamentarian?MPID=SE4,,http://parlinfo.aph.gov.au/parlInfo/download/handbook/allmps/SE4/upload_ref_binary/SE4.JPG,Bronwyn.Bishop.MP@aph.gov.au,,https://twitter.com/BronwynBishop
LQR,Mr Clive Palmer MP,Palmer United Party,representatives,http://www.aph.gov.au/Senators_and_Members/Parliamentarian?MPID=LQR,,http://parlinfo.aph.gov.au/parlInfo/download/handbook/allmps/LQR/upload_ref_binary/LQR.jpg,,https://www.facebook.com/pages/Palmer-United-Party/331204223675563?ref=ts&fref=ts,https://twitter.com/CliveFPalmer
248006,Ms Terri Butler MP,Australian Labor Party,representatives,http://www.aph.gov.au/Senators_and_Members/Parliamentarian?MPID=248006,http://www.terributlermp.com/,http://parlinfo.aph.gov.au/parlInfo/download/handbook/allmps/248006/upload_ref_binary/248006.jpg,Terri.Butler.MP@aph.gov.au,https://www.facebook.com/butler4griffith,https://twitter.com/terrimbutler
N26,Senator the Hon Eric Abetz,Liberal Party of Australia,senate,http://www.aph.gov.au/Senators_and_Members/Parliamentarian?MPID=N26,http://abetz.com.au/,http://parlinfo.aph.gov.au/parlInfo/download/handbook/allmps/N26/upload_ref_binary/N26.jpg,,http://www.facebook.com/SenatorAbetz,http://twitter.com/SenatorAbetz
G0D,Senator Cory Bernardi,Liberal Party of Australia,senate,http://www.aph.gov.au/Senators_and_Members/Parliamentarian?MPID=G0D,http://www.senatorbernardi.com/,http://parlinfo.aph.gov.au/parlInfo/download/handbook/allmps/G0D/upload_ref_binary/G0D.JPG,,,https://twitter.com/corybernardi
H6X,Senator the Hon Simon Birmingham,Liberal Party of Australia,senate,http://www.aph.gov.au/Senators_and_Members/Parliamentarian?MPID=H6X,http://www.senatorbirmingham.com.au/,http://parlinfo.aph.gov.au/parlInfo/download/handbook/allmps/H6X/upload_ref_binary/H6X.jpg,,https://facebook.com/simonbirmingham,https://twitter.com/Birmo
008W7,Senator the Hon George Brandis,Liberal Party of Australia,senate,http://www.aph.gov.au/Senators_and_Members/Parliamentarian?MPID=008W7,,http://parlinfo.aph.gov.au/parlInfo/download/handbook/allmps/008W7/upload_ref_binary/008W7.jpg,senator.brandis@aph.gov.au,,
F49,Senator Carol Brown,Australian Labor Party,senate,http://www.aph.gov.au/Senators_and_Members/Parliamentarian?MPID=F49,http://www.alp.org.au/carol_brown,http://parlinfo.aph.gov.au/parlInfo/download/handbook/allmps/F49/upload_ref_binary/F49.JPG,senator.carol.brown@aph.gov.au,https://www.facebook.com/SenatorCarolBrown,https://twitter.com/SenCarolBrown
HLL,Senator David Bushby,Liberal Party of Australia,senate,http://www.aph.gov.au/Senators_and_Members/Parliamentarian?MPID=HLL,http://www.davidbushby.com.au/,http://parlinfo.aph.gov.au/parlInfo/download/handbook/allmps/HLL/upload_ref_binary/HLL.jpg,,,https://twitter.com/SenatorBushby
AW5,Senator the Hon Kim Carr,Australian Labor Party,senate,http://www.aph.gov.au/Senators_and_Members/Parliamentarian?MPID=AW5,,http://parlinfo.aph.gov.au/parlInfo/download/handbook/allmps/AW5/upload_ref_binary/AW5.JPG,senator.carr@aph.gov.au,https://www.facebook.com/senatorkimjcarr,https://twitter.com/SenKimCarr
00AOL,Senator the Hon Richard Colbeck,Liberal Party of Australia,senate,http://www.aph.gov.au/Senators_and_Members/Parliamentarian?MPID=00AOL,,http://parlinfo.aph.gov.au/parlInfo/download/handbook/allmps/00AOL/upload_ref_binary/00AOL.JPG,senator.colbeck@aph.gov.au,,https://twitter.com/richardmcolbeck
3L6,Senator the Hon Stephen Conroy,Australian Labor Party,senate,http://www.aph.gov.au/Senators_and_Members/Parliamentarian?MPID=3L6,,http://parlinfo.aph.gov.au/parlInfo/download/handbook/allmps/3L6/upload_ref_binary/3L6.jpg,senator.conroy@aph.gov.au,,https://twitter.com/ConroyMO
HDA,Senator the Hon Mathias Cormann,Liberal Party of Australia,senate,http://www.aph.gov.au/Senators_and_Members/Parliamentarian?MPID=HDA,http://www.mathiascormann.com.au,http://parlinfo.aph.gov.au/parlInfo/download/handbook/allmps/HDA/upload_ref_binary/HDA.JPG,,https://www.facebook.com/SenatorMathiasCormann,https://twitter.com/MathiasCormann
5K4,Senator the Hon John Faulkner,Australian Labor Party,senate,http://www.aph.gov.au/Senators_and_Members/Parliamentarian?MPID=5K4,http://www.senatorjohnfaulkner.com.au,http://parlinfo.aph.gov.au/parlInfo/download/handbook/allmps/5K4/upload_ref_binary/5K4.jpg,senator.faulkner@aph.gov.au,https://www.facebook.com/senatorjohnfaulkner,https://twitter.com/SenJohnFaulkner
e4t,Senator the Hon Concetta Fierravanti-Wells,Liberal Party of Australia,senate,http://www.aph.gov.au/Senators_and_Members/Parliamentarian?MPID=e4t,http://www.senatorcfw.com.au/,http://parlinfo.aph.gov.au/parlInfo/download/handbook/allmps/E4T/upload_ref_binary/E4T.JPG,senator.fierravanti-wells@aph.gov.au,,
D2I,Senator the Hon Mitch Fifield,Liberal Party of Australia,senate,http://www.aph.gov.au/Senators_and_Members/Parliamentarian?MPID=D2I,http://www.mitchfifield.com/,http://parlinfo.aph.gov.au/parlInfo/download/handbook/allmps/D2I/upload_ref_binary/D2I.JPG,,https://www.facebook.com/SenatorFifield,https://twitter.com/SenatorFifield
C16,Senator the Hon Bill Heffernan,Liberal Party of Australia,senate,http://www.aph.gov.au/Senators_and_Members/Parliamentarian?MPID=C16,http://www.billheffernan.com.au/,http://parlinfo.aph.gov.au/parlInfo/download/handbook/allmps/C16/upload_ref_binary/C16.JPG,,,
00AON,Senator the Hon David Johnston,Liberal Party of Australia,senate,http://www.aph.gov.au/Senators_and_Members/Parliamentarian?MPID=00AON,,http://parlinfo.aph.gov.au/parlInfo/download/handbook/allmps/00AON/upload_ref_binary/00AON.JPG,,https://www.facebook.com/SenatorDavidJohnston,
84N,Senator the Hon Joe Ludwig,Australian Labor Party,senate,http://www.aph.gov.au/Senators_and_Members/Parliamentarian?MPID=84N,http://www.joeludwig.org,http://parlinfo.aph.gov.au/parlInfo/download/handbook/allmps/84N/upload_ref_binary/84N.jpg,,https://www.facebook.com/SenatorJoeLudwig,
7G6,Senator the Hon Kate Lundy,Australian Labor Party,senate,http://www.aph.gov.au/Senators_and_Members/Parliamentarian?MPID=7G6,http://www.katelundy.com.au/,http://parlinfo.aph.gov.au/parlInfo/download/handbook/allmps/7G6/upload_ref_binary/7G6.JPG,senator.lundy@aph.gov.au,https://www.facebook.com/kate.lundy.act?rf=105552686143757,https://twitter.com/KateLundy
YW4,Senator the Hon Ian Macdonald,Liberal Party of Australia,senate,http://www.aph.gov.au/Senators_and_Members/Parliamentarian?MPID=YW4,http://www.senatormacdonald.org/,http://parlinfo.aph.gov.au/parlInfo/download/handbook/allmps/YW4/upload_ref_binary/YW4.JPG,,https://www.facebook.com/SenatorIanMacdonald,https://twitter.com/SenatorMac
84M,Senator the Hon Brett Mason,Liberal Party of Australia,senate,http://www.aph.gov.au/Senators_and_Members/Parliamentarian?MPID=84M,,http://parlinfo.aph.gov.au/parlInfo/download/handbook/allmps/84M/upload_ref_binary/84M.JPG,senator.mason@aph.gov.au,https://www.facebook.com/pages/Brett-Mason/62364092302?fref=ts,https://twitter.com/SenBrettMason
e5e,Senator Anne McEwen,Australian Labor Party,senate,http://www.aph.gov.au/Senators_and_Members/Parliamentarian?MPID=e5e,,http://parlinfo.aph.gov.au/parlInfo/download/handbook/allmps/E5E/upload_ref_binary/E5E.JPG,senator.mcewen@aph.gov.au,https://www.facebook.com/senatormcewen,https://twitter.com/Senator_McEwen
84L,Senator the Hon Jan McLucas,Australian Labor Party,senate,http://www.aph.gov.au/Senators_and_Members/Parliamentarian?MPID=84L,http://www.janmclucas.net/,http://parlinfo.aph.gov.au/parlInfo/download/handbook/allmps/84L/upload_ref_binary/84L.JPG,senator.mclucas@aph.gov.au,https://www.facebook.com/SenatorJanMcLucas,https://twitter.com/JanMcLucas
ka5,Senator Christine Milne,Australian Greens,senate,http://www.aph.gov.au/Senators_and_Members/Parliamentarian?MPID=ka5,http://www.christinemilne.org.au/,http://parlinfo.aph.gov.au/parlInfo/download/handbook/allmps/KA5/upload_ref_binary/KA5.JPG,senator.milne@aph.gov.au,https://www.facebook.com/Senator.Christine.Milne,https://twitter.com/senatormilne
00AOQ,Senator Claire Moore,Australian Labor Party,senate,http://www.aph.gov.au/Senators_and_Members/Parliamentarian?MPID=00AOQ,http://www.clairemoore.net/,http://parlinfo.aph.gov.au/parlInfo/download/handbook/allmps/00AOQ/upload_ref_binary/00AOQ.JPG,,https://www.facebook.com/SenatorClaireMoore,https://twitter.com/SenClaireMoore
e5g,Senator the Hon Fiona Nash,The Nationals,senate,http://www.aph.gov.au/Senators_and_Members/Parliamentarian?MPID=e5g,http://www.fionanash.com.au/,http://parlinfo.aph.gov.au/parlInfo/download/handbook/allmps/E5G/upload_ref_binary/E5G.JPG,,https://www.facebook.com/pages/Fiona-Nash/86298154631,
M56,Senator the Hon Marise Payne,Liberal Party of Australia,senate,http://www.aph.gov.au/Senators_and_Members/Parliamentarian?MPID=M56,http://www.marisepayne.com/,http://parlinfo.aph.gov.au/parlInfo/download/handbook/allmps/M56/upload_ref_binary/M56.JPG,minister@humanservices.gov.au,https://www.facebook.com/senatormarisepayne,https://twitter.com/MarisePayne
e5x,Senator Helen Polley,Australian Labor Party,senate,http://www.aph.gov.au/Senators_and_Members/Parliamentarian?MPID=e5x,http://www.senatorhelenpolley.com.au/,http://parlinfo.aph.gov.au/parlInfo/download/handbook/allmps/E5X/upload_ref_binary/E5X.JPG,senator.polley@aph.gov.au,https://www.facebook.com/pages/Senator-Helen-Polley/131323986885201?sk=wall,https://twitter.com/polley_helen
xt4,Senator the Hon Michael Ronaldson,Liberal Party of Australia,senate,http://www.aph.gov.au/Senators_and_Members/Parliamentarian?MPID=xt4,,http://parlinfo.aph.gov.au/parlInfo/download/handbook/allmps/XT4/upload_ref_binary/XT4.JPG,,https://www.facebook.com/senronno,https://twitter.com/Senronno/
00AOM,Senator the Hon Nigel Scullion,Country Liberal Party,senate,http://www.aph.gov.au/Senators_and_Members/Parliamentarian?MPID=00AOM,http://www.nigelscullion.com/,http://parlinfo.aph.gov.au/parlInfo/download/handbook/allmps/00AOM/upload_ref_binary/00AOM.JPG,senator.scullion@aph.gov.au,https://www.facebook.com/SenatorNigelScullion,
e5z,Senator Rachel Siewert,Australian Greens,senate,http://www.aph.gov.au/Senators_and_Members/Parliamentarian?MPID=e5z,http://www.rachelsiewert.org.au/,http://parlinfo.aph.gov.au/parlInfo/download/handbook/allmps/E5Z/upload_ref_binary/E5Z.JPG,senator.siewert@aph.gov.au,https://www.facebook.com/RachelSiewert,https://twitter.com/SenatorSiewert
e68,Senator Glenn Sterle,Australian Labor Party,senate,http://www.aph.gov.au/Senators_and_Members/Parliamentarian?MPID=e68,,http://parlinfo.aph.gov.au/parlInfo/download/handbook/allmps/E68/upload_ref_binary/E68.JPG,senator.sterle@aph.gov.au,https://www.facebook.com/SenatorGlennSterle,https://twitter.com/GlennSterle
00AOU,Senator the Hon Penny Wong,Australian Labor Party,senate,http://www.aph.gov.au/Senators_and_Members/Parliamentarian?MPID=00AOU,http://www.pennywong.com.au/,http://parlinfo.aph.gov.au/parlInfo/download/handbook/allmps/00AOU/upload_ref_binary/00AOU.jpg,,https://www.facebook.com/senatorpennywong,https://twitter.com/senatorwong
HZB,Senator Catryna Bilyk,Australian Labor Party,senate,http://www.aph.gov.au/Senators_and_Members/Parliamentarian?MPID=HZB,http://www.catrynabilyk.com,http://parlinfo.aph.gov.au/parlInfo/download/handbook/allmps/HZB/upload_ref_binary/HZB.JPG,,,
AI6,Senator the Hon Doug Cameron,Australian Labor Party,senate,http://www.aph.gov.au/Senators_and_Members/Parliamentarian?MPID=AI6,http://dougcameron.com.au,http://parlinfo.aph.gov.au/parlInfo/download/handbook/allmps/AI6/upload_ref_binary/AI6.JPG,senator.cameron@aph.gov.au,http://facebook.com/senator.doug.cameron,
I0M,Senator the Hon Michaelia Cash,Liberal Party of Australia,senate,http://www.aph.gov.au/Senators_and_Members/Parliamentarian?MPID=I0M,,http://parlinfo.aph.gov.au/parlInfo/download/handbook/allmps/I0M/upload_ref_binary/I0M.JPG,,https://www.facebook.com/pages/Senator-Michaelia-Cash/204751982883846,https://twitter.com/SenatorCash
I0U,Senator Sarah Hanson-Young,Australian Greens,senate,http://www.aph.gov.au/Senators_and_Members/Parliamentarian?MPID=I0U,,http://parlinfo.aph.gov.au/parlInfo/download/handbook/allmps/I0U/upload_ref_binary/I0U.JPG,senator.hanson-young@aph.gov.au,https://www.facebook.com/Senator.Sarah.Hanson.Young,https://twitter.com/sarahinthesen8
I07,Senator Scott Ludlam,Australian Greens,senate,http://www.aph.gov.au/Senators_and_Members/Parliamentarian?MPID=I07,,http://parlinfo.aph.gov.au/parlInfo/download/handbook/allmps/I07/upload_ref_binary/I07.JPG,senator.ludlam@aph.gov.au,https://www.facebook.com/SenatorLudlam,https://twitter.com/SenatorLudlam
I0Q,Senator the Hon Scott Ryan,Liberal Party of Australia,senate,http://www.aph.gov.au/Senators_and_Members/Parliamentarian?MPID=I0Q,http://www.scottryan.com.au,http://parlinfo.aph.gov.au/parlInfo/download/handbook/allmps/I0Q/upload_ref_binary/I0Q.JPG,,,https://twitter.com/SenatorRyan
I0V,Senator John Williams,The Nationals,senate,http://www.aph.gov.au/Senators_and_Members/Parliamentarian?MPID=I0V,http://www.johnwilliams.com.au/,http://parlinfo.aph.gov.au/parlInfo/download/handbook/allmps/I0V/upload_ref_binary/I0V.JPG,,,https://twitter.com/SenatorWacka
8IV,Senator Nick Xenophon,Independent,senate,http://www.aph.gov.au/Senators_and_Members/Parliamentarian?MPID=8IV,http://www.nickxenophon.com.au,http://parlinfo.aph.gov.au/parlInfo/download/handbook/allmps/8IV/upload_ref_binary/8IV.JPG,senator.xenophon@aph.gov.au,,https://twitter.com/Nick_Xenophon
GB6,Senator the Hon Jacinta Collins,Australian Labor Party,senate,http://www.aph.gov.au/Senators_and_Members/Parliamentarian?MPID=GB6,,http://parlinfo.aph.gov.au/parlInfo/download/handbook/allmps/GB6/upload_ref_binary/GB6.JPG,,,
J7Q,Senator Chris Back,Liberal Party of Australia,senate,http://www.aph.gov.au/Senators_and_Members/Parliamentarian?MPID=J7Q,,http://parlinfo.aph.gov.au/parlInfo/download/handbook/allmps/j7q/upload_ref_binary/J7Q.JPG,,,https://twitter.com/senatorback
53369,Senator Richard Di Natale,Australian Greens,senate,http://www.aph.gov.au/Senators_and_Members/Parliamentarian?MPID=53369,,http://parlinfo.aph.gov.au/parlInfo/download/handbook/allmps/53369/upload_ref_binary/53369.jpg,senator.dinatale@aph.gov.au,http://www.facebook.com/SenatorDiNatale,http://www.twitter.com/RichardDiNatale
225307,Senator Sean Edwards,Liberal Party of Australia,senate,http://www.aph.gov.au/Senators_and_Members/Parliamentarian?MPID=225307,http://www.senatoredwards.com.au/Home.aspx,http://parlinfo.aph.gov.au/parlInfo/download/handbook/allmps/225307/upload_ref_binary/225307.jpg,senator.edwards@aph.gov.au,https://www.facebook.com/Sean.Edwards.Clare,https://twitter.com/SeanC_Edwards
DYU,Senator David Fawcett,Liberal Party of Australia,senate,http://www.aph.gov.au/Senators_and_Members/Parliamentarian?MPID=DYU,http://www.senator.fawcett.net.au,http://parlinfo.aph.gov.au/parlInfo/download/handbook/allmps/DYU/upload_ref_binary/DYU.jpg,senator.fawcett@aph.gov.au,,
204953,Senator Alex Gallacher,Australian Labor Party,senate,http://www.aph.gov.au/Senators_and_Members/Parliamentarian?MPID=204953,,http://parlinfo.aph.gov.au/parlInfo/download/handbook/allmps/204953/upload_ref_binary/204953.jpg,senator.gallacher@aph.gov.au,,https://twitter.com/mceachian
207825,Senator Bridget McKenzie,The Nationals,senate,http://www.aph.gov.au/Senators_and_Members/Parliamentarian?MPID=207825,,http://parlinfo.aph.gov.au/parlInfo/download/handbook/allmps/207825/upload_ref_binary/207825.jpg,senator.mckenzie@aph.gov.au,https://www.facebook.com/senatormckenzie,https://twitter.com/senbmckenzie
217571,Senator John Madigan,Democratic Labour Party,senate,http://www.aph.gov.au/Senators_and_Members/Parliamentarian?MPID=217571,,http://parlinfo.aph.gov.au/parlInfo/download/handbook/allmps/217571/upload_ref_binary/217571.jpg,senator.madigan@aph.gov.au,https://www.facebook.com/SenatorJohnMadigan,
CPR,Senator Lee Rhiannon,Australian Greens,senate,http://www.aph.gov.au/Senators_and_Members/Parliamentarian?MPID=CPR,,http://parlinfo.aph.gov.au/parlInfo/download/handbook/allmps/CPR/upload_ref_binary/cpr.jpg,senator.rhiannon@aph.gov.au,https://www.facebook.com/lee.rhiannon,https://twitter.com/leerhiannon
M0R,Senator the Hon Lisa Singh,Australian Labor Party,senate,http://www.aph.gov.au/Senators_and_Members/Parliamentarian?MPID=M0R,http://www.lisasingh.com.au/main/,http://parlinfo.aph.gov.au/parlInfo/download/handbook/allmps/m0r/upload_ref_binary/m0r.jpg,senator.singh@aph.gov.au,https://www.facebook.com/pages/Senator-Lisa-Singh/126886354020958,https://twitter.com/Lisa_Singh
231199,Senator Anne Urquhart,Australian Labor Party,senate,http://www.aph.gov.au/Senators_and_Members/Parliamentarian?MPID=231199,http://anneurquhart.com.au/,http://parlinfo.aph.gov.au/parlInfo/download/handbook/allmps/231199/upload_ref_binary/231199.jpg,senator.urquhart@aph.gov.au,https://www.facebook.com/senator.urquhart,https://twitter.com/AUSenator
192970,Senator Larissa Waters,Australian Greens,senate,http://www.aph.gov.au/Senators_and_Members/Parliamentarian?MPID=192970,,http://parlinfo.aph.gov.au/parlInfo/download/handbook/allmps/192970/upload_ref_binary/192970.jpg,senator.waters@aph.gov.au,https://www.facebook.com/larissawaters,https://twitter.com/larissawaters
200287,Senator Penny Wright,Australian Greens,senate,http://www.aph.gov.au/Senators_and_Members/Parliamentarian?MPID=200287,,http://parlinfo.aph.gov.au/parlInfo/download/handbook/allmps/200287/upload_ref_binary/200287.jpg,senator.wright@aph.gov.au,http://www.facebook.com/SenatorPennyWright,http://www.twitter.com/pennywrites
bv7,Senator the Hon Arthur Sinodinos AO,Liberal Party of Australia,senate,http://www.aph.gov.au/Senators_and_Members/Parliamentarian?MPID=bv7,http://www.arthursinodinos.com.au/,http://parlinfo.aph.gov.au/parlInfo/download/handbook/allmps/BV7/upload_ref_binary/bv7.jpg,senator.sinodinos@aph.gov.au,,
241710,Senator Dean Smith,Liberal Party of Australia,senate,http://www.aph.gov.au/Senators_and_Members/Parliamentarian?MPID=241710,http://www.deansmithwa.com.au/,http://parlinfo.aph.gov.au/parlInfo/download/handbook/allmps/241710/upload_ref_binary/241710.jpg,,https://www.facebook.com/SenatorDeanSmith,https://twitter.com/DeanSmithWA
195565,Senator Peter Whish-Wilson,Australian Greens,senate,http://www.aph.gov.au/Senators_and_Members/Parliamentarian?MPID=195565,,http://parlinfo.aph.gov.au/parlInfo/download/handbook/allmps/195565/upload_ref_binary/195565.jpg,senator.whish-wilson@aph.gov.au,http://www.facebook.com/senator.peter.whish.wilson?fref=ts,https://twitter.com/SenatorSurfer
243273,Senator Anne Ruston,Liberal Party of Australia,senate,http://www.aph.gov.au/Senators_and_Members/Parliamentarian?MPID=243273,,http://parlinfo.aph.gov.au/parlInfo/download/handbook/allmps/243273/upload_ref_binary/243273.jpg,,https://www.facebook.com/AnneRuston,https://twitter.com/Anne_Ruston
112096,Senator Sue Lines,Australian Labor Party,senate,http://www.aph.gov.au/Senators_and_Members/Parliamentarian?MPID=112096,,http://parlinfo.aph.gov.au/parlInfo/download/handbook/allmps/112096/upload_ref_binary/112096.jpg,,https://www.facebook.com/SueLinesWA,https://twitter.com/linessue
225099,Senator Sam Dastyari,Australian Labor Party,senate,http://www.aph.gov.au/Senators_and_Members/Parliamentarian?MPID=225099,,http://parlinfo.aph.gov.au/parlInfo/download/handbook/allmps/225099/upload_ref_binary/225099.jpg,,https://www.facebook.com/senator.sam.dastyari,https://twitter.com/samdastyari
CDK,Senator Nova Peris OAM,Australian Labor Party,senate,http://www.aph.gov.au/Senators_and_Members/Parliamentarian?MPID=CDK,a,http://parlinfo.aph.gov.au/parlInfo/download/handbook/allmps/CDK/upload_ref_binary/CDK.jpg,,https://www.facebook.com/SenatorPeris,https://twitter.com/NovaPeris
HZE,Senator Zed Seselja,Liberal Party of Australia,senate,http://www.aph.gov.au/Senators_and_Members/Parliamentarian?MPID=HZE,,http://parlinfo.aph.gov.au/parlInfo/download/handbook/allmps/HZE/upload_ref_binary/HZE.jpg,,https://www.facebook.com/zed.seselja,https://twitter.com/ZedSeselja
140651,Senator Deborah O'Neill,Australian Labor Party,senate,http://www.aph.gov.au/Senators_and_Members/Parliamentarian?MPID=140651,,http://parlinfo.aph.gov.au/parlInfo/download/handbook/allmps/140651/upload_ref_binary/140651.jpg,,https://www.facebook.com/SenatorDebONeill,https://twitter.com/Deborah_ONeill
247871,Senator Barry O'Sullivan,The Nationals,senate,http://www.aph.gov.au/Senators_and_Members/Parliamentarian?MPID=247871,,http://parlinfo.aph.gov.au/parlInfo/download/handbook/allmps/247871/upload_ref_binary/247871.jpg,,https://www.facebook.com/BarryOQLD,
243237,Senator Joe Bullock,Australian Labor Party,senate,http://www.aph.gov.au/Senators_and_Members/Parliamentarian?MPID=243237,,http://parlinfo.aph.gov.au/parlInfo/download/handbook/allmps/243237/upload_ref_binary/243237.jpg,,,
245212,Senator Matthew Canavan,The Nationals,senate,http://www.aph.gov.au/Senators_and_Members/Parliamentarian?MPID=245212,,http://parlinfo.aph.gov.au/parlInfo/download/handbook/allmps/245212/upload_ref_binary/245212.jpg,senator.canavan@aph.gov.au,https://www.facebook.com/Canavan4Senate,https://twitter.com/mattjcan
HYG,Senator Bob Day AO,Family First Party,senate,http://www.aph.gov.au/Senators_and_Members/Parliamentarian?MPID=HYG,,http://parlinfo.aph.gov.au/parlInfo/download/handbook/allmps/HYG/upload_ref_binary/HYG.jpg,senator.day@aph.gov.au,http://www.facebook.com/pages/Senator-Bob-Day/545522605573696,http://www.twitter.com/senatorbobday
244247,Senator Chris Ketter,Australian Labor Party,senate,http://www.aph.gov.au/Senators_and_Members/Parliamentarian?MPID=244247,,http://parlinfo.aph.gov.au/parlInfo/download/handbook/allmps/244247/upload_ref_binary/244247.jpg,,https://www.facebook.com/pages/Senator-Chris-Ketter/1429436547338406,https://twitter.com/SenChrisKetter
250026,Senator Jacqui Lambie,Palmer United Party,senate,http://www.aph.gov.au/Senators_and_Members/Parliamentarian?MPID=250026,,http://parlinfo.aph.gov.au/parlInfo/download/handbook/allmps/250026/upload_ref_binary/250026.jpg,,https://www.facebook.com/senatorlambie,
108616,Senator Glenn Lazarus,Palmer United Party,senate,http://www.aph.gov.au/Senators_and_Members/Parliamentarian?MPID=108616,,http://parlinfo.aph.gov.au/parlInfo/download/handbook/allmps/108616/upload_ref_binary/108616.jpg,,https://www.facebook.com/senatorlazarus,https://twitter.com/SenatorLazarus
111206,Senator David Leyonhjelm,Liberal Democratic Party,senate,http://www.aph.gov.au/Senators_and_Members/Parliamentarian?MPID=111206,,http://parlinfo.aph.gov.au/parlInfo/download/handbook/allmps/111206/upload_ref_binary/111206.jpg,senator.leyonhjelm@aph.gov.au,https://www.facebook.com/DavidLeyonhjelmLiberalDemocrats,https://twitter.com/DavidLeyonhjelm
217241,Senator James McGrath,Liberal Party of Australia,senate,http://www.aph.gov.au/Senators_and_Members/Parliamentarian?MPID=217241,,http://parlinfo.aph.gov.au/parlInfo/download/handbook/allmps/217241/upload_ref_binary/217241.jpg,,http://facebook.com/McGrath4Senate,http://twitter.com/JamesMcGrathLNP
250024,Senator Ricky Muir,Australian Motoring Enthusiast Party,senate,http://www.aph.gov.au/Senators_and_Members/Parliamentarian?MPID=250024,,http://parlinfo.aph.gov.au/parlInfo/download/handbook/allmps/250024/upload_ref_binary/250024.jpg,,https://www.facebook.com/SenatorRickyMuir,https://twitter.com/muir_ricky
250216,Senator Linda Reynolds CSC,Liberal Party of Australia,senate,http://www.aph.gov.au/Senators_and_Members/Parliamentarian?MPID=250216,,http://parlinfo.aph.gov.au/parlInfo/download/handbook/allmps/250216/upload_ref_binary/250216.jpg,senator.reynolds@aph.gov.au,https://www.facebook.com/LindaReynoldsWA,https://twitter.com/lindareynoldswa
155410,Senator Janet Rice,Australian Greens,senate,http://www.aph.gov.au/Senators_and_Members/Parliamentarian?MPID=155410,,http://parlinfo.aph.gov.au/parlInfo/download/handbook/allmps/155410/upload_ref_binary/155410.jpg,,https://www.facebook.com/Janet.Rice.Greens,https://twitter.com/janet_rice
250045,Senator Dio Wang,Palmer United Party,senate,http://www.aph.gov.au/Senators_and_Members/Parliamentarian?MPID=250045,,http://parlinfo.aph.gov.au/parlInfo/download/handbook/allmps/250045/upload_ref_binary/250045.jpg,,https://www.facebook.com/wangforsenate,
e5v,Senator the Hon Stephen Parry,Liberal Party of Australia,senate,http://www.aph.gov.au/Senators_and_Members/Parliamentarian?MPID=e5v,http://www.stephenparry.com.au,http://parlinfo.aph.gov.au/parlInfo/download/handbook/allmps/E5V/upload_ref_binary/E5V.JPG,senator.parry@aph.gov.au,,https://twitter.com/ParrySenator
00AOP,Senator Gavin Marshall,Australian Labor Party,senate,http://www.aph.gov.au/Senators_and_Members/Parliamentarian?MPID=00AOP,http://www.gavinmarshall.org/,http://parlinfo.aph.gov.au/parlInfo/download/handbook/allmps/00AOP/upload_ref_binary/00AOP.jpg,senator.marshall@aph.gov.au,,
2L6,Senator Mark Bishop,Australian Labor Party,senate,http://www.aph.gov.au/Senators_and_Members/Parliamentarian?MPID=2L6,http://www.senatormarkbishop.com.au,http://parlinfo.aph.gov.au/parlInfo/download/handbook/allmps/2L6/upload_ref_binary/2L6.jpg,senator.bishop@aph.gov.au,,
YE4,Senator the Hon Ronald Boswell,The Nationals,senate,http://www.aph.gov.au/Senators_and_Members/Parliamentarian?MPID=YE4,http://www.ronboswell.com/,http://parlinfo.aph.gov.au/parlInfo/download/handbook/allmps/YE4/upload_ref_binary/YE4.JPG,senator.boswell@aph.gov.au,,https://twitter.com/SenatorBossie
4L6,Senator Alan Eggleston,Liberal Party of Australia,senate,http://www.aph.gov.au/Senators_and_Members/Parliamentarian?MPID=4L6,http://www.senatoralaneggleston.com/,http://parlinfo.aph.gov.au/parlInfo/download/handbook/allmps/4L6/upload_ref_binary/4L6.JPG,senator.eggleston@aph.gov.au,,https://twitter.com/pilbaraboy
7L6,Senator the Hon John Hogg,Australian Labor Party,senate,http://www.aph.gov.au/Senators_and_Members/Parliamentarian?MPID=7L6,,http://parlinfo.aph.gov.au/parlInfo/download/handbook/allmps/7L6/upload_ref_binary/7L6.JPG,senator.hogg@aph.gov.au,,
00AOS,Senator the Hon Ursula Stephens,Australian Labor Party,senate,http://www.aph.gov.au/Senators_and_Members/Parliamentarian?MPID=00AOS,http://www.ursulastephens.com/,http://parlinfo.aph.gov.au/parlInfo/download/handbook/allmps/00AOS/upload_ref_binary/00AOS.jpg,senator.stephens@aph.gov.au,,https://twitter.com/ursulastephens
183342,Senator the Hon Lin Thorp,Australian Labor Party,senate,http://www.aph.gov.au/Senators_and_Members/Parliamentarian?MPID=183342,,http://parlinfo.aph.gov.au/parlInfo/download/handbook/allmps/183342/upload_ref_binary/183342.jpg,senator.thorp@aph.gov.au,,
I0P,Senator Mark Furner,Australian Labor Party,senate,http://www.aph.gov.au/Senators_and_Members/Parliamentarian?MPID=I0P,http://www.markfurner.com/,http://parlinfo.aph.gov.au/parlInfo/download/handbook/allmps/I0P/upload_ref_binary/I0P.JPG,,https://www.facebook.com/senatormarkfurner,
H6V,Senator Sue Boyce,Liberal Party of Australia,senate,http://www.aph.gov.au/Senators_and_Members/Parliamentarian?MPID=H6V,http://www.sueboyce.com.au/,http://parlinfo.aph.gov.au/parlInfo/download/handbook/allmps/H6V/upload_ref_binary/H6V.jpg,,,https://twitter.com/SenatorSue
I0N,Senator the Hon Don Farrell,Australian Labor Party,senate,http://www.aph.gov.au/Senators_and_Members/Parliamentarian?MPID=I0N,,http://parlinfo.aph.gov.au/parlInfo/download/handbook/allmps/I0N/upload_ref_binary/I0N.JPG,,https://www.facebook.com/pages/Senator-Don-Farrell/516285871759553,
G1N,Senator Helen Kroger,Liberal Party of Australia,senate,http://www.aph.gov.au/Senators_and_Members/Parliamentarian?MPID=G1N,,http://parlinfo.aph.gov.au/parlInfo/download/handbook/allmps/G1N/upload_ref_binary/G1N.JPG,,https://www.facebook.com/pages/Senator-Helen-Kroger/121783847876832,
I0T,Senator Louise Pratt,Australian Labor Party,senate,http://www.aph.gov.au/Senators_and_Members/Parliamentarian?MPID=I0T,,http://parlinfo.aph.gov.au/parlInfo/download/handbook/allmps/I0T/upload_ref_binary/I0T.JPG,,https://www.facebook.com/SenatorLouisePratt,https://twitter.com/Louise_Pratt
249499,Senator Mehmet Tillem,Australian Labor Party,senate,http://www.aph.gov.au/Senators_and_Members/Parliamentarian?MPID=249499,,http://parlinfo.aph.gov.au/parlInfo/download/handbook/allmps/249499/upload_ref_binary/249499.jpg,,,https://twitter.com/MehmetTillem
